is_private,"title",content,tag,file_name,file_path,mime_type
0,"NDAサンプル","NDAについて",null,"file001.docx","/example",docx
1,"2020年版契約書","契約書について",null,"file002.docx","/example",docx
0,"最新契約書サンプル","契約書について",null,"file003.docx","/example",docx
1,"セミナー原稿サンプル","セミナー原稿について",null,"file004.docx","/example",docx
0,"セミナー原稿サンプル","セミナー原稿について",null,"file005.docx","/example",docx
1,"ProAttendとは(2020)","ProAttendについて",null,"file006.docx","/example",docx
0,"ProAttendとは","ProAttendについて",null,"file007.docx","/example",docx
1,"重要事項","重要事項について",null,"file008.docx","/example",docx
0,"規則","規則について",null,"file009.docx","/example",docx
1,"資料テンプレート","資料について",null,"file010.docx","/example",docx