member_number,name_kanji,name_furigana,email,password,interview_status
XXX111,寺島きよみ,テラシマキヨミ,watanabe.mikako@example.net,$2y$10$0l724WL0U/AHolsPy0VPOelg9pvwdwB/NBwTvMDUPV/EHTQDscCU2,1
XXX112,蒔田功一,マキタコウイチ,shuhei.kijima@example.org,$2y$10$0l724WL0U/AHolsPy0VPOelg9pvwdwB/NBwTvMDUPV/EHTQDscCU3,2
XXX113,堀内佳子,ホリウチヨシコ,soutaro.nakajima@example.net,$2y$10$0l724WL0U/AHolsPy0VPOelg9pvwdwB/NBwTvMDUPV/EHTQDscCU4,3
XXX114,有本圭太,アリモトケイタ,jnomura@example.net,$2y$10$0l724WL0U/AHolsPy0VPOelg9pvwdwB/NBwTvMDUPV/EHTQDscCU5,4
XXX115,斉藤恭司,サイトウタカシ,vidaka@example.net,$2y$10$0l724WL0U/AHolsPy0VPOelg9pvwdwB/NBwTvMDUPV/EHTQDscCU6,5
XXX116,西本宏和,ニシモトヒロカズ,nanami86@example.net,$2y$10$0l724WL0U/AHolsPy0VPOelg9pvwdwB/NBwTvMDUPV/EHTQDscCU7,1
XXX117,吉川雅美,ヨシカワマサミ,haruka.sasaki@example.net,$2y$10$0l724WL0U/AHolsPy0VPOelg9pvwdwB/NBwTvMDUPV/EHTQDscCU8,2
XXX118,奥村篤史,オクムラアツシ,watanabe.yosuke@example.com,$2y$10$0l724WL0U/AHolsPy0VPOelg9pvwdwB/NBwTvMDUPV/EHTQDscCU9,3
XXX119,山内隆明,ヤマウチタカアキ,sakamoto.asuka@example.com,$2y$10$0l724WL0U/AHolsPy0VPOelg9pvwdwB/NBwTvMDUPV/EHTQDscCU10,4
XXX120,中島佳子,ナカジマヨシコ,hiroshi87@example.com,$2y$10$0l724WL0U/AHolsPy0VPOelg9pvwdwB/NBwTvMDUPV/EHTQDscCU11,5
XXX121,飯田晃一,イイダコウイチ,osamu60@example.org,$2y$10$0l724WL0U/AHolsPy0VPOelg9pvwdwB/NBwTvMDUPV/EHTQDscCU12,1
XXX122,佐藤剛士,サトウツヨシ,kenichi31@example.org,$2y$10$0l724WL0U/AHolsPy0VPOelg9pvwdwB/NBwTvMDUPV/EHTQDscCU13,2
XXX123,立川佳代子,タチカワカヨコ,uaoyama@example.com,$2y$10$0l724WL0U/AHolsPy0VPOelg9pvwdwB/NBwTvMDUPV/EHTQDscCU14,3
XXX124,伊東沙貴,イトウサキ,csasaki@example.net,$2y$10$0l724WL0U/AHolsPy0VPOelg9pvwdwB/NBwTvMDUPV/EHTQDscCU15,4
XXX125,那須香織,ナスカオリ,yoshida.mai@example.org,$2y$10$0l724WL0U/AHolsPy0VPOelg9pvwdwB/NBwTvMDUPV/EHTQDscCU16,5
XXX126,福田大貴,フクダタイキ,hiroshi62@example.com,$2y$10$0l724WL0U/AHolsPy0VPOelg9pvwdwB/NBwTvMDUPV/EHTQDscCU17,1
XXX127,内山洋介,ウチヤマヨウスケ,ayamaguchi@example.org,$2y$10$0l724WL0U/AHolsPy0VPOelg9pvwdwB/NBwTvMDUPV/EHTQDscCU18,2
XXX128,岸田良文,キシダヨシフミ,idaka.hideki@example.com,$2y$10$0l724WL0U/AHolsPy0VPOelg9pvwdwB/NBwTvMDUPV/EHTQDscCU19,3
XXX129,川上信夫,カワカミノブオ,yoshida.atsushi@example.net,$2y$10$0l724WL0U/AHolsPy0VPOelg9pvwdwB/NBwTvMDUPV/EHTQDscCU20,4
XXX130,安部雅一,アベマサカズ,matsumoto.jun@example.org,$2y$10$0l724WL0U/AHolsPy0VPOelg9pvwdwB/NBwTvMDUPV/EHTQDscCU21,5
XXX131,榊原綾香,サカキバラアヤカ,yuta68@example.net,$2y$10$0l724WL0U/AHolsPy0VPOelg9pvwdwB/NBwTvMDUPV/EHTQDscCU22,1
XXX132,小林健二,コバヤシケンジ,tomoya57@example.com,$2y$10$0l724WL0U/AHolsPy0VPOelg9pvwdwB/NBwTvMDUPV/EHTQDscCU23,2
XXX133,今村満,イマムラミチル,hideki92@example.org,$2y$10$0l724WL0U/AHolsPy0VPOelg9pvwdwB/NBwTvMDUPV/EHTQDscCU24,3
XXX134,金野千晶,コンノチアキ,unomura@example.org,$2y$10$0l724WL0U/AHolsPy0VPOelg9pvwdwB/NBwTvMDUPV/EHTQDscCU25,4
XXX135,若林敏博,ワカバヤシトシヒロ,rika72@example.org,$2y$10$0l724WL0U/AHolsPy0VPOelg9pvwdwB/NBwTvMDUPV/EHTQDscCU26,5
XXX136,佐藤幸子,サトウサチコ,yui.ogaki@example.net,$2y$10$0l724WL0U/AHolsPy0VPOelg9pvwdwB/NBwTvMDUPV/EHTQDscCU27,1
XXX137,高木恵美,タカギエミ,sayuri.yamagishi@example.org,$2y$10$0l724WL0U/AHolsPy0VPOelg9pvwdwB/NBwTvMDUPV/EHTQDscCU28,2
XXX138,児嶋美智子,コジマミチコ,naoko.kijima@example.com,$2y$10$0l724WL0U/AHolsPy0VPOelg9pvwdwB/NBwTvMDUPV/EHTQDscCU29,3
XXX139,石原義広,イシハラヨシヒロ,miki.nakamura@example.com,$2y$10$0l724WL0U/AHolsPy0VPOelg9pvwdwB/NBwTvMDUPV/EHTQDscCU30,4
XXX140,清水沙代,シミズサヨ,okanou@example.com,$2y$10$0l724WL0U/AHolsPy0VPOelg9pvwdwB/NBwTvMDUPV/EHTQDscCU31,5
XXX141,土橋渉,ドバシワタル,akemi.sakamoto@example.net,$2y$10$0l724WL0U/AHolsPy0VPOelg9pvwdwB/NBwTvMDUPV/EHTQDscCU32,1
XXX142,三上里美,ミカミサトミ,nakamura.naoko@example.org,$2y$10$0l724WL0U/AHolsPy0VPOelg9pvwdwB/NBwTvMDUPV/EHTQDscCU33,2
XXX143,林口博之,ハヤシグチヒロユキ,manabu26@example.net,$2y$10$0l724WL0U/AHolsPy0VPOelg9pvwdwB/NBwTvMDUPV/EHTQDscCU34,3
XXX144,桑原茂,クワバラシゲル,mai.ishida@example.com,$2y$10$0l724WL0U/AHolsPy0VPOelg9pvwdwB/NBwTvMDUPV/EHTQDscCU35,4
XXX145,本田一之,ホンダカズユキ,okijima@example.net,$2y$10$0l724WL0U/AHolsPy0VPOelg9pvwdwB/NBwTvMDUPV/EHTQDscCU36,5
XXX146,設楽正大,シタラマサヒロ,hiroshi.kudo@example.net,$2y$10$0l724WL0U/AHolsPy0VPOelg9pvwdwB/NBwTvMDUPV/EHTQDscCU37,1
XXX147,山下陽子,ヤマシタヨウコ,nanami.tanabe@example.net,$2y$10$0l724WL0U/AHolsPy0VPOelg9pvwdwB/NBwTvMDUPV/EHTQDscCU38,2
XXX148,前田由貴子,マエダユキコ,kimura.mitsuru@example.net,$2y$10$0l724WL0U/AHolsPy0VPOelg9pvwdwB/NBwTvMDUPV/EHTQDscCU39,3
XXX149,愛甲太郎,アイコウタロウ,kimura.asuka@example.org,$2y$10$0l724WL0U/AHolsPy0VPOelg9pvwdwB/NBwTvMDUPV/EHTQDscCU40,4
XXX150,稲葉敏,イナバサトシ,yamagishi.osamu@example.com,$2y$10$0l724WL0U/AHolsPy0VPOelg9pvwdwB/NBwTvMDUPV/EHTQDscCU41,5
XXX151,三好宏一郎,ミヨシコウイチロウ,wmurayama@example.com,$2y$10$0l724WL0U/AHolsPy0VPOelg9pvwdwB/NBwTvMDUPV/EHTQDscCU42,1
XXX152,中居健二,ナカイケンジ,youichi14@example.org,$2y$10$0l724WL0U/AHolsPy0VPOelg9pvwdwB/NBwTvMDUPV/EHTQDscCU43,2
XXX153,堀江麻央,ホリエマオ,nagisa.shuhei@example.net,$2y$10$0l724WL0U/AHolsPy0VPOelg9pvwdwB/NBwTvMDUPV/EHTQDscCU44,3
XXX154,堀信悟,ホリシンゴ,taichi63@example.net,$2y$10$0l724WL0U/AHolsPy0VPOelg9pvwdwB/NBwTvMDUPV/EHTQDscCU45,4
XXX155,石川美希,イシカワミキ,momoko.nakajima@example.org,$2y$10$0l724WL0U/AHolsPy0VPOelg9pvwdwB/NBwTvMDUPV/EHTQDscCU46,5
XXX156,高橋悠介,タカハシユウスケ,mkato@example.net,$2y$10$0l724WL0U/AHolsPy0VPOelg9pvwdwB/NBwTvMDUPV/EHTQDscCU47,1
XXX157,福田文美,フクダアヤミ,rei.yoshida@example.net,$2y$10$0l724WL0U/AHolsPy0VPOelg9pvwdwB/NBwTvMDUPV/EHTQDscCU48,2
XXX158,渡辺琢磨,ワタナベタクマ,rei.nomura@example.org,$2y$10$0l724WL0U/AHolsPy0VPOelg9pvwdwB/NBwTvMDUPV/EHTQDscCU49,3
XXX159,小島照幸,コジマテルユキ,tishida@example.org,$2y$10$0l724WL0U/AHolsPy0VPOelg9pvwdwB/NBwTvMDUPV/EHTQDscCU50,5
XXX160,熊谷優子,クマガイユウコ,ekoda.hiroshi@example.org,$2y$10$0l724WL0U/AHolsPy0VPOelg9pvwdwB/NBwTvMDUPV/EHTQDscCU51,3
XXX161,村瀬麻美,ムラセアサミ,sato.satomi@example.org,$2y$10$0l724WL0U/AHolsPy0VPOelg9pvwdwB/NBwTvMDUPV/EHTQDscCU52,2
XXX162,田中彩,タナカアヤ,nanami.aota@example.com,$2y$10$0l724WL0U/AHolsPy0VPOelg9pvwdwB/NBwTvMDUPV/EHTQDscCU53,2
XXX163,福田みえ,フクダミエ,mikako35@example.com,$2y$10$0l724WL0U/AHolsPy0VPOelg9pvwdwB/NBwTvMDUPV/EHTQDscCU54,3
XXX164,浜上詩織,ハマガミシオリ,sayuri53@example.org,$2y$10$0l724WL0U/AHolsPy0VPOelg9pvwdwB/NBwTvMDUPV/EHTQDscCU55,1
XXX165,片柳光一,カタヤナギコウイチ,snagisa@example.org,$2y$10$0l724WL0U/AHolsPy0VPOelg9pvwdwB/NBwTvMDUPV/EHTQDscCU56,4
XXX166,佐久間智博,サクマトモヒロ,yamamoto.maaya@example.net,$2y$10$0l724WL0U/AHolsPy0VPOelg9pvwdwB/NBwTvMDUPV/EHTQDscCU57,3
XXX167,福井哲也,フクイテツヤ,yoko96@example.net,$2y$10$0l724WL0U/AHolsPy0VPOelg9pvwdwB/NBwTvMDUPV/EHTQDscCU58,2
XXX168,松田剛士,マツダツヨシ,gtanaka@example.org,$2y$10$0l724WL0U/AHolsPy0VPOelg9pvwdwB/NBwTvMDUPV/EHTQDscCU59,4
XXX169,中筋香子,ナカスジキョウコ,kyosuke.yamaguchi@example.net,$2y$10$0l724WL0U/AHolsPy0VPOelg9pvwdwB/NBwTvMDUPV/EHTQDscCU60,1
XXX170,村田一真,ムラタカズマ,ogaki.manabu@example.com,$2y$10$0l724WL0U/AHolsPy0VPOelg9pvwdwB/NBwTvMDUPV/EHTQDscCU61,5
XXX171,村岡達也,ムラオカタツヤ,naoko59@example.com,$2y$10$0l724WL0U/AHolsPy0VPOelg9pvwdwB/NBwTvMDUPV/EHTQDscCU62,2
XXX172,西川明,ニシカワアキラ,lhirokawa@example.net,$2y$10$0l724WL0U/AHolsPy0VPOelg9pvwdwB/NBwTvMDUPV/EHTQDscCU63,4
XXX173,鎌田宏明,カマタヒロアキ,satomi78@example.org,$2y$10$0l724WL0U/AHolsPy0VPOelg9pvwdwB/NBwTvMDUPV/EHTQDscCU64,5
XXX174,日置元樹,ヒオキモトキ,qyoshimoto@example.org,$2y$10$0l724WL0U/AHolsPy0VPOelg9pvwdwB/NBwTvMDUPV/EHTQDscCU65,3
XXX175,川越桂,カワゴエケイ,atsushi46@example.net,$2y$10$0l724WL0U/AHolsPy0VPOelg9pvwdwB/NBwTvMDUPV/EHTQDscCU66,4
XXX176,水谷美和子,ミズタニミワコ,hideki25@example.com,$2y$10$0l724WL0U/AHolsPy0VPOelg9pvwdwB/NBwTvMDUPV/EHTQDscCU67,5
XXX177,高田耕一,タカダコウイチ,suzuki.yoko@example.com,$2y$10$0l724WL0U/AHolsPy0VPOelg9pvwdwB/NBwTvMDUPV/EHTQDscCU68,3
XXX178,松下香織,マツシタカオリ,yasuhiro36@example.org,$2y$10$0l724WL0U/AHolsPy0VPOelg9pvwdwB/NBwTvMDUPV/EHTQDscCU69,4
XXX179,横山優子,ヨコヤマユウコ,yoshimoto.rika@example.com,$2y$10$0l724WL0U/AHolsPy0VPOelg9pvwdwB/NBwTvMDUPV/EHTQDscCU70,5
XXX180,山田達也,ヤマダタツヤ,tyamagishi@example.com,$2y$10$0l724WL0U/AHolsPy0VPOelg9pvwdwB/NBwTvMDUPV/EHTQDscCU71,2
XXX181,藤本麻由,フジモトマユ,mitsuru16@example.org,$2y$10$0l724WL0U/AHolsPy0VPOelg9pvwdwB/NBwTvMDUPV/EHTQDscCU72,3
XXX182,魚谷翔子,ウオタニショウコ,mai31@example.com,$2y$10$0l724WL0U/AHolsPy0VPOelg9pvwdwB/NBwTvMDUPV/EHTQDscCU73,4
XXX183,斉藤量平,サイトウリョウヘイ,ryosuke.murayama@example.net,$2y$10$0l724WL0U/AHolsPy0VPOelg9pvwdwB/NBwTvMDUPV/EHTQDscCU74,5
XXX184,西森雅一,ニシモリマサカズ,mitsuru71@example.com,$2y$10$0l724WL0U/AHolsPy0VPOelg9pvwdwB/NBwTvMDUPV/EHTQDscCU75,4
XXX185,石川安弘,イシカワヤスヒロ,kaori08@example.com,$2y$10$0l724WL0U/AHolsPy0VPOelg9pvwdwB/NBwTvMDUPV/EHTQDscCU76,3
XXX186,吉村亜沙美,ヨシムラアサミ,hamada.jun@example.org,$2y$10$0l724WL0U/AHolsPy0VPOelg9pvwdwB/NBwTvMDUPV/EHTQDscCU77,5
XXX187,田原幹太,タハラカンタ,ymiyake@example.org,$2y$10$0l724WL0U/AHolsPy0VPOelg9pvwdwB/NBwTvMDUPV/EHTQDscCU78,4
XXX188,角谷瑠里,カドヤルリ,fujimoto.naoto@example.org,$2y$10$0l724WL0U/AHolsPy0VPOelg9pvwdwB/NBwTvMDUPV/EHTQDscCU79,3
XXX189,亀田亜由美,カメダアユミ,ckato@example.com,$2y$10$0l724WL0U/AHolsPy0VPOelg9pvwdwB/NBwTvMDUPV/EHTQDscCU80,2
XXX190,前川哲宏,マエカワアキヒロ,murayama.maaya@example.org,$2y$10$0l724WL0U/AHolsPy0VPOelg9pvwdwB/NBwTvMDUPV/EHTQDscCU81,3
XXX191,和田大輔,ワダダイスケ,yumiko.saito@example.com,$2y$10$0l724WL0U/AHolsPy0VPOelg9pvwdwB/NBwTvMDUPV/EHTQDscCU82,4
XXX192,辻渉,ツジワタル,kazuya32@example.org,$2y$10$0l724WL0U/AHolsPy0VPOelg9pvwdwB/NBwTvMDUPV/EHTQDscCU83,5
XXX193,加藤鮎美,カトウアユミ,bkudo@example.net,$2y$10$0l724WL0U/AHolsPy0VPOelg9pvwdwB/NBwTvMDUPV/EHTQDscCU84,3
XXX194,萩田京子,ハギタキョウコ,akira.yoshida@example.com,$2y$10$0l724WL0U/AHolsPy0VPOelg9pvwdwB/NBwTvMDUPV/EHTQDscCU85,4
XXX195,山羽俊介,ヤマハシュンスケ,imiyazawa@example.org,$2y$10$0l724WL0U/AHolsPy0VPOelg9pvwdwB/NBwTvMDUPV/EHTQDscCU86,5
XXX196,森屋裕美,モリヤユミ,satomi39@example.com,$2y$10$0l724WL0U/AHolsPy0VPOelg9pvwdwB/NBwTvMDUPV/EHTQDscCU87,4
XXX197,坂井さと子,サカイサトコ,hkiriyama@example.com,$2y$10$0l724WL0U/AHolsPy0VPOelg9pvwdwB/NBwTvMDUPV/EHTQDscCU88,3
XXX198,矢野隆史,ヤノタカシ,sato.tsubasa@example.com,$2y$10$0l724WL0U/AHolsPy0VPOelg9pvwdwB/NBwTvMDUPV/EHTQDscCU89,4
XXX199,渡辺萌,ワタナベモエ,jun.kimura@example.org,$2y$10$0l724WL0U/AHolsPy0VPOelg9pvwdwB/NBwTvMDUPV/EHTQDscCU90,2
XXX200,岸本真世,キシモトマヨ,kuno@example.com,$2y$10$0l724WL0U/AHolsPy0VPOelg9pvwdwB/NBwTvMDUPV/EHTQDscCU91,4
XXX201,廣瀬純一,ヒロセジュンイチ,nishinosono.tomoya@example.org,$2y$10$0l724WL0U/AHolsPy0VPOelg9pvwdwB/NBwTvMDUPV/EHTQDscCU92,3
XXX202,渡辺友広,ワタナベトモヒロ,nishinosono.yui@example.net,$2y$10$0l724WL0U/AHolsPy0VPOelg9pvwdwB/NBwTvMDUPV/EHTQDscCU93,2
XXX203,野島恵子,ノジマケイコ,sasaki.taichi@example.org,$2y$10$0l724WL0U/AHolsPy0VPOelg9pvwdwB/NBwTvMDUPV/EHTQDscCU94,2
XXX204,高橋桂輔,タカハシケイスケ,cwatanabe@example.net,$2y$10$0l724WL0U/AHolsPy0VPOelg9pvwdwB/NBwTvMDUPV/EHTQDscCU95,4
XXX205,小野和志,オノカズシ,rika00@example.org,$2y$10$0l724WL0U/AHolsPy0VPOelg9pvwdwB/NBwTvMDUPV/EHTQDscCU96,5
XXX206,荒木淑子,アラキヨシコ,sasaki.shota@example.net,$2y$10$0l724WL0U/AHolsPy0VPOelg9pvwdwB/NBwTvMDUPV/EHTQDscCU97,2
XXX207,飯田陽介,イイダヨウスケ,satomi.kijima@example.org,$2y$10$0l724WL0U/AHolsPy0VPOelg9pvwdwB/NBwTvMDUPV/EHTQDscCU98,2
XXX208,森下浩司,モリシタヒロシ,rnakamura@example.com,$2y$10$0l724WL0U/AHolsPy0VPOelg9pvwdwB/NBwTvMDUPV/EHTQDscCU99,1
XXX209,谷山諒,タニヤマリョウ,asuka94@example.com,$2y$10$0l724WL0U/AHolsPy0VPOelg9pvwdwB/NBwTvMDUPV/EHTQDscCU100,5
XXX210,黒田恵子,クロダケイコ,xyamamoto@example.org,$2y$10$0l724WL0U/AHolsPy0VPOelg9pvwdwB/NBwTvMDUPV/EHTQDscCU101,4
XXX211,木下愛,キノシタアイ,paota@example.org,$2y$10$0l724WL0U/AHolsPy0VPOelg9pvwdwB/NBwTvMDUPV/EHTQDscCU102,3
XXX212,山本健二郎,ヤマモトケンジロウ,kana96@example.org,$2y$10$0l724WL0U/AHolsPy0VPOelg9pvwdwB/NBwTvMDUPV/EHTQDscCU103,2
XXX213,鷹取武,タカトリタケル,ztanaka@example.org,$2y$10$0l724WL0U/AHolsPy0VPOelg9pvwdwB/NBwTvMDUPV/EHTQDscCU104,1
XXX214,榎本彩,エノモトアヤ,murayama.asuka@example.org,$2y$10$0l724WL0U/AHolsPy0VPOelg9pvwdwB/NBwTvMDUPV/EHTQDscCU105,4
XXX215,伊吹正広,イブキマサヒロ,kyosuke23@example.com,$2y$10$0l724WL0U/AHolsPy0VPOelg9pvwdwB/NBwTvMDUPV/EHTQDscCU106,1
XXX216,神田欣也,カンダキンヤ,jun.sato@example.com,$2y$10$0l724WL0U/AHolsPy0VPOelg9pvwdwB/NBwTvMDUPV/EHTQDscCU107,1
XXX217,加藤忠彦,カトウタダヒコ,kumiko07@example.net,$2y$10$0l724WL0U/AHolsPy0VPOelg9pvwdwB/NBwTvMDUPV/EHTQDscCU108,1
XXX218,小山孝裕,コヤマタカヒロ,mitsuru.kanou@example.org,$2y$10$0l724WL0U/AHolsPy0VPOelg9pvwdwB/NBwTvMDUPV/EHTQDscCU109,1
XXX219,中畑美和子,ナカハタミワコ,osamu.aoyama@example.net,$2y$10$0l724WL0U/AHolsPy0VPOelg9pvwdwB/NBwTvMDUPV/EHTQDscCU110,1
XXX220,小田切宏一,オダギリコウイチ,wkanou@example.net,$2y$10$0l724WL0U/AHolsPy0VPOelg9pvwdwB/NBwTvMDUPV/EHTQDscCU111,1
