id,name,email,belong,expiration_date,deleted_at
1,喜嶋 知実,watanabe.mikako@example.net,営業部,,
2,高橋 真綾,shuhei.kijima@example.org,営業部,,
3,山田 太一,soutaro.nakajima@example.net,営業部,,
4,工藤 英樹,jnomura@example.net,営業部,,
5,浜田 花子,vidaka@example.net,営業部,,
6,小林 花子,nanami86@example.net,営業部,,
7,田中 七夏,haruka.sasaki@example.net,営業部,,
8,藤本 幹,watanabe.yosuke@example.com,営業部,,
9,田中 陽子,sakamoto.asuka@example.com,営業部,,
10,山田 浩,hiroshi87@example.com,営業部,2022/8/31 0:00,
11,坂本 翼,osamu60@example.org,営業部,,
12,高橋 直子,kenichi31@example.org,営業部,,
13,坂本 香織,uaoyama@example.com,営業部,,
14,吉田 明美,csasaki@example.net,営業部,,
15,青田 亮介,yoshida.mai@example.org,営業部,,
16,小泉 亮介,hiroshi62@example.com,営業部,,
17,野村 明美,ayamaguchi@example.org,営業部,,
18,山田 香織,idaka.hideki@example.com,営業部,,
19,若松 くみ子,yoshida.atsushi@example.net,営業部,,
20,宇野 里佳,matsumoto.jun@example.org,営業部,2022/2/25 0:00,2022/2/25 23:59
21,村山 千代,yuta68@example.net,営業部,,
22,青田 亮介,tomoya57@example.com,営業部,,
23,宇野 治,hideki92@example.org,営業部,,
24,藤本 充,unomura@example.org,営業部,,
25,山岸 あすか,rika72@example.org,営業部,,
26,松本 修平,yui.ogaki@example.net,営業部,,
27,山田 明美,sayuri.yamagishi@example.org,営業部,,
28,木村 七夏,naoko.kijima@example.com,営業部,,
29,若松 智也,miki.nakamura@example.com,営業部,,
30,木村 直人,okanou@example.com,営業部,,
31,佐々木 あすか,akemi.sakamoto@example.net,営業部,,
32,山本 幹,nakamura.naoko@example.org,営業部,,
33,渚 充,manabu26@example.net,営業部,,
34,宇野 太郎,mai.ishida@example.com,営業部,,
35,吉本 陽子,okijima@example.net,営業部,,
36,桐山 春香,hiroshi.kudo@example.net,営業部,,
37,喜嶋 修平,nanami.tanabe@example.net,営業部,,
38,青田 太一,kimura.mitsuru@example.net,営業部,,
39,近藤 美加子,kimura.asuka@example.org,営業部,,
40,藤本 和也,yamagishi.osamu@example.com,営業部,,
41,津田 浩,wmurayama@example.com,営業部,,
42,渚 裕美子,youichi14@example.org,営業部,,
43,原田 学,nagisa.shuhei@example.net,営業部,,
44,若松 真綾,taichi63@example.net,営業部,,
45,井上 美加子,momoko.nakajima@example.org,営業部,,
46,杉山 裕太,mkato@example.net,営業部,,
47,吉本 幹,rei.yoshida@example.net,営業部,,
48,山田 千代,rei.nomura@example.org,営業部,,
49,杉山 結衣,tishida@example.org,営業部,,
50,喜嶋 太一,ekoda.hiroshi@example.org,営業部,,
51,中津川 康弘,sato.satomi@example.org,営業部,,
52,坂本 桃子,nanami.aota@example.com,管理部,,
53,斉藤 美加子,mikako35@example.com,管理部,,
54,江古田 幹,sayuri53@example.org,管理部,,
55,小泉 翔太,snagisa@example.org,管理部,,
56,斉藤 京助,yamamoto.maaya@example.net,管理部,,
57,江古田 稔,yoko96@example.net,管理部,,
58,若松 太郎,gtanaka@example.org,管理部,,
59,江古田 知実,kyosuke.yamaguchi@example.net,管理部,,
60,中島 聡太郎,ogaki.manabu@example.com,管理部,,
61,加藤 聡太郎,naoko59@example.com,管理部,,
62,渡辺 香織,lhirokawa@example.net,管理部,,
63,浜田 浩,satomi78@example.org,管理部,,
64,杉山 裕樹,qyoshimoto@example.org,管理部,,
65,加納 千代,atsushi46@example.net,管理部,,
66,山本 洋介,hideki25@example.com,管理部,,
67,三宅 英樹,suzuki.yoko@example.com,管理部,,
68,西之園 真綾,yasuhiro36@example.org,管理部,,
69,大垣 香織,yoshimoto.rika@example.com,管理部,,
70,佐藤 智也,tyamagishi@example.com,管理部,,
71,笹田 涼平,mitsuru16@example.org,管理部,,
72,松本 花子,mai31@example.com,管理部,,
73,中津川 健一,ryosuke.murayama@example.net,管理部,,
74,山本 千代,mitsuru71@example.com,管理部,,
75,宇野 結衣,kaori08@example.com,管理部,,
76,井高 修平,hamada.jun@example.org,管理部,,
77,中津川 花子,ymiyake@example.org,管理部,,
78,工藤 裕太,fujimoto.naoto@example.org,管理部,,
79,宮沢 舞,ckato@example.com,管理部,,
80,佐々木 聡太郎,murayama.maaya@example.org,管理部,,
81,高橋 裕樹,yumiko.saito@example.com,管理部,,
82,井上 舞,kazuya32@example.org,管理部,,
83,斉藤 くみ子,bkudo@example.net,管理部,,
84,村山 加奈,akira.yoshida@example.com,管理部,,
85,井上 加奈,imiyazawa@example.org,管理部,,
86,木村 花子,satomi39@example.com,管理部,,
87,中津川 晃,hkiriyama@example.com,役員,,
88,藤本 翼,sato.tsubasa@example.com,役員,,
89,喜嶋 陽子,jun.kimura@example.org,役員,,
90,江古田 涼平,kuno@example.com,マーケティング,,
91,藤本 春香,nishinosono.tomoya@example.org,マーケティング,,
92,山岸 治,nishinosono.yui@example.net,マーケティング,,
93,浜田 陽子,sasaki.taichi@example.org,マーケティング,,
94,吉本 里佳,cwatanabe@example.net,マーケティング,,
95,桐山 くみ子,rika00@example.org,マーケティング,,
96,笹田 康弘,sasaki.shota@example.net,マーケティング,,
97,笹田 直樹,satomi.kijima@example.org,マーケティング,,
98,青田 翼,rnakamura@example.com,マーケティング,,
99,坂本 里佳,asuka94@example.com,マーケティング,,
100,浜田 舞,xyamamoto@example.org,マーケティング,,
101,藤本 修平,paota@example.org,マーケティング,,
102,西之園 七夏,kana96@example.org,マーケティング,,
103,木村 晃,ztanaka@example.org,マーケティング,,
104,山本 洋介,murayama.asuka@example.org,マーケティング,,
105,中津川 結衣,kyosuke23@example.com,マーケティング,,
106,佐々木 和也,jun.sato@example.com,マーケティング,,
107,坂本 美加子,kumiko07@example.net,マーケティング,,
108,藤本 あすか,mitsuru.kanou@example.org,マーケティング,,
109,小林 稔,osamu.aoyama@example.net,マーケティング,,
110,津田 あすか,wkanou@example.net,マーケティング,,
